toc_title,title,url,breadcrumb,category,time_required,tutorial_files_used,n_video_links,video_links,error,text_preview
Get Started,Get Started,https://help.autodesk.com/view/RVT/2024/ENU/?guid=GUID-C3DEF8F6-A9C0-496E-A554-8147B12A4EDA,,,,,1,https://help.autodesk.com/view/RVT/2024/ENU/?guid=GUID-6419C9CE-F12D-4A6B-9677-949F186D9546,,"Learn about building information modeling, the user interface, and more.  Topics in this section"
Video Gallery,Video Gallery,https://help.autodesk.com/view/RVT/2024/ENU/?guid=GUID-6419C9CE-F12D-4A6B-9677-949F186D9546,,,,,13,https://help.autodesk.com/view/RVT/2024/ENU/?guid=GUID-6419C9CE-F12D-4A6B-9677-949F186D9546; https://help.autodesk.com/view/RVT/2024/ENU/?guid=GUID-C7FC8EF6-6418-431F-ADC6-493C2E911AFF; https://help.autodesk.com/view/RVT/2024/ENU/?guid=GUID-EA13D454-6D63-4002-8926-3B6258E87127; https://help.autodesk.com/view/RVT/2024/ENU/?guid=GUID-223ACFDE-AAE0-4413-9571-B8291506DD84; https://help.autodesk.com/view/RVT/2024/ENU/?guid=GUID-1EE2B9D7-B621-4675-BB68-D7DE90D34C89; https://help.autodesk.com/view/RVT/2024/ENU/?guid=GUID-78B76ED6-F02F-4199-9B41-93AE06508327; https://help.autodesk.com/view/RVT/2024/ENU/?guid=GUID-097C1A8F-E2C9-4151-8C73-4755A9810231; https://help.autodesk.com/view/RVT/2024/ENU/?guid=GUID-D1B2D278-62CA-4A3A-97B6-245735F0FDC4; https://help.autodesk.com/view/RVT/2024/ENU/?guid=GUID-C9DD542E-A9E7-4219-AF33-670B864C9BB8; https://help.autodesk.com/view/RVT/2024/ENU/?guid=GUID-05D32BAF-EDB6-497E-9355-EDA405FECAE9; https://help.autodesk.com/view/RVT/2024/ENU/?guid=GUID-D0D68171-8164-46B8-8817-0A4656DA7766; https://help.autodesk.com/view/RVT/2024/ENU/?guid=GUID-D4E3E108-6256-4B3B-BCB3-2B4AF900287F; https://help.autodesk.com/view/RVT/2024/ENU/?guid=GUID-261D5CD1-4129-42C9-AE4A-2269FCA47597,,"These tutorials walk you through the process of creating a simple building model using Revit, and introduce Revit user interface. Use the filter to narrow your search.  Useful features that you might not have tried yet.  Learn about different ways to work with team members on Revit projects.  Create the building model by adding architectural elements, structural elements, and MEP systems. Add desi"
Revit Analytics Program,Revit Analytics Program,https://help.autodesk.com/view/RVT/2024/ENU/?guid=GUID-3F42D45E-9FCF-4E8D-9B9E-41194E61F637,,,,,1,https://help.autodesk.com/view/RVT/2024/ENU/?guid=GUID-6419C9CE-F12D-4A6B-9677-949F186D9546,,Learn about Revit analytics program and how you can choose to participate.
Revit Fundamentals,Revit Fundamentals,https://help.autodesk.com/view/RVT/2024/ENU/?guid=GUID-03565843-BB48-4707-B54C-39D6E8E51880,,,,,2,https://help.autodesk.com/view/RVT/2024/ENU/?guid=GUID-6419C9CE-F12D-4A6B-9677-949F186D9546; https://help.autodesk.com/view/RVT/2024/ENU/?guid=GUID-6F4A8DAF-52BE-48F3-932B-C3D0D428E741,,Learn how working in Revit differs from traditional 2D design methods.
Online Training,Online Training,https://help.autodesk.com/view/RVT/2024/ENU/?guid=GUID-7A67B490-0000-4BCE-8D11-C0E237EBEDD6,,,,,1,https://help.autodesk.com/view/RVT/2024/ENU/?guid=GUID-6419C9CE-F12D-4A6B-9677-949F186D9546,,Access resources that can help you learn how to use the software.
Tutorials,Tutorials,https://help.autodesk.com/view/RVT/2024/ENU/?guid=GUID-9E9688A2-0645-4F8E-9D96-F1B76291A6C6,,,,,3,https://help.autodesk.com/view/RVT/2024/ENU/?guid=GUID-6419C9CE-F12D-4A6B-9677-949F186D9546; https://help.autodesk.com/view/RVT/2024/ENU/?guid=GUID-5F030511-89D1-4223-B168-CE83343FDE52; https://help.autodesk.com/view/RVT/2024/ENU/?guid=GUID-7F8CFFA4-22CB-43CA-84EA-332A27A0A0F0,,"These lessons step through the process of creating a simple building model using Revit .  Download this zip file and extract its contents for the complete set of files needed to complete the tutorial series. These tutorials and videos apply only to Architectural modeling, and not to Structural or MEP modeling.  The following image illustrates the resulting project that you create during the tutori"
Part 1: Create a Project and Add Levels,Part 1: Create a Project and Add Levels,https://help.autodesk.com/view/RVT/2024/ENU/?guid=GUID-0E2A8A8C-2F02-46A4-9761-A47601F0B17A,,New Users,10 minutes,None - new project,3,https://help.autodesk.com/view/RVT/2024/ENU/?guid=GUID-6419C9CE-F12D-4A6B-9677-949F186D9546; https://help.autodesk.com/view/RVT/2024/ENU/?guid=GUID-5F030511-89D1-4223-B168-CE83343FDE52; https://help.autodesk.com/view/RVT/2024/ENU/?guid=GUID-3B3190C6-94CA-4C44-8EB9-C684A02DBB49,,"In this exercise, you start a project and create levels for the foundation, store floor, upper and lower parapets of the building model.  When you create levels, you can choose to have the corresponding views created at the same time. Before you begin, download the GSG_01_Getting_Started_Template.rte template. Download this zip file (if you have not already downloaded the exercise files for the tu"
Part 2: Create Walls,Part 2: Create Walls,https://help.autodesk.com/view/RVT/2024/ENU/?guid=GUID-30D3A26F-42FF-40FA-83D2-B43EA67F3ECD,,New Users,15 minutes,GSG_02_Create_Walls.rvt,3,https://help.autodesk.com/view/RVT/2024/ENU/?guid=GUID-6419C9CE-F12D-4A6B-9677-949F186D9546; https://help.autodesk.com/view/RVT/2024/ENU/?guid=GUID-5F030511-89D1-4223-B168-CE83343FDE52; https://help.autodesk.com/view/RVT/2024/ENU/?guid=GUID-F0889711-DC78-47FB-8747-9DC408CBEDA2,,"In this exercise, you work on different levels to add exterior walls, interior walls and a corridor to the project.  Before you begin, download the GSG_02_Create_Walls.rvt data file. Download this zip file (if you have not already downloaded the exercise files for the tutorials.)  Objectives  Watch the video  These points were added to the project to make it easier to draw the walls to specific lo"
Part 3: Create a Terrain and Building Pad,Part 3: Create a Terrain and Building Pad,https://help.autodesk.com/view/RVT/2024/ENU/?guid=GUID-E325CDE7-5468-43C8-BEAD-EC5AF13231F0,,New Users,15 minutes,GSG_03_Terrain_Pad.rvt,3,https://help.autodesk.com/view/RVT/2024/ENU/?guid=GUID-6419C9CE-F12D-4A6B-9677-949F186D9546; https://help.autodesk.com/view/RVT/2024/ENU/?guid=GUID-5F030511-89D1-4223-B168-CE83343FDE52; https://help.autodesk.com/view/RVT/2024/ENU/?guid=GUID-BD22FE68-5DDC-4E17-8528-AE0BC868A372,,"In this exercise, you add topography to the building site.  Add points at different elevations to create the terrain and create a building pad based on the foundation walls of the building. Before you begin, download the GSG_03_Terrain_Pad.rvt tutorial file. Download this zip file (if you have not already downloaded the exercise files for the tutorials.)  Objectives  Watch the video  Part 4: Creat"
Part 4: Create a Floor,,https://help.autodesk.com/view/RVT/2024/ENU/?guid=GUID-02936CA2-FE9E-4625-A2A6-A45324937847,,,,,1,https://help.autodesk.com/view/RVT/2024/ENU/?guid=GUID-C7E5CEA9-D741-4829-B39E-73BE40FC4B7E,,
Part 5: Create a Roof,Part 5: Create a Roof,https://help.autodesk.com/view/RVT/2024/ENU/?guid=GUID-5924644F-C73E-4B76-897D-B181EE9F1B16,,New Users,10 minutes,GSG_05_add_roof.rvt,3,https://help.autodesk.com/view/RVT/2024/ENU/?guid=GUID-6419C9CE-F12D-4A6B-9677-949F186D9546; https://help.autodesk.com/view/RVT/2024/ENU/?guid=GUID-5F030511-89D1-4223-B168-CE83343FDE52; https://help.autodesk.com/view/RVT/2024/ENU/?guid=GUID-DCA3C942-1284-4FC9-BC06-144DE88C2EFA,,"In this exercise, you create a flat roof using the footprint of the exterior walls and a sloped roof with an overhang at the entry.  Before you begin, download the GSG_05_add_roof.rvt file. Download this zip file (if you have not already downloaded the exercise files for the tutorials.)  Objectives  Watch the video  Notice that the interior walls extend through the roof.  Notice that the walls no "
Part 6: Place Doors,Part 6: Place Doors,https://help.autodesk.com/view/RVT/2024/ENU/?guid=GUID-6CA4C036-034D-4410-A3AB-5CBC492C3A83,,New Users,10 minutes,"GSG_06_place_doors.rvt, M_Door-Exterior-Double.rfa, M_Door-Overhead-Sectional.rfa, M_Door-Passage-Double-Flush-Dbl_Acting.rfa, M_Door-Passage-Single-Flush.rfa",3,https://help.autodesk.com/view/RVT/2024/ENU/?guid=GUID-6419C9CE-F12D-4A6B-9677-949F186D9546; https://help.autodesk.com/view/RVT/2024/ENU/?guid=GUID-5F030511-89D1-4223-B168-CE83343FDE52; https://help.autodesk.com/view/RVT/2024/ENU/?guid=GUID-EDD3FFB6-28D2-40D6-A8F0-D5E6C2807302,,"In this exercise, you load door types into the project, and then add interior and exterior doors to the model.  Before you begin, download the GSG_06_place_doors.rvt, M_Door-Exterior-Double.rvt, M_Door-Overhead-Sectional, M_Door-Passage-Double-Flush-Dbl_Acting, and M_Door-Passage-Single-Flush tutorial files. Download this zip file (if you have not already downloaded the exercise files for the tuto"
Part 7: Place Windows,,https://help.autodesk.com/view/RVT/2024/ENU/?guid=GUID-27E9FE5D-6B1D-407C-9DBA-36D61F301DAF,,New Users,10 minutes,GSG_07_place_windows.rvt,3,https://help.autodesk.com/view/RVT/2024/ENU/?guid=GUID-6419C9CE-F12D-4A6B-9677-949F186D9546; https://help.autodesk.com/view/RVT/2024/ENU/?guid=GUID-5F030511-89D1-4223-B168-CE83343FDE52; https://help.autodesk.com/view/RVT/2024/ENU/?guid=GUID-15BBE1F7-38FD-4AA0-ADA4-CE8923343DC1,,"In this exercise, you work in elevation and plan views to add windows to the model. You use alignment and dimension tools to more precisely position the windows.  Before you begin, download the GSG_07_place_windows.rvt file. Download this zip file (if you have not already downloaded the exercise files for the tutorials.)  Objectives  Watch the video  Note that each of the 4 dimensions is different"
Part 8: Place a Curtain Wall,,https://help.autodesk.com/view/RVT/2024/ENU/?guid=GUID-8942AAB6-60C0-469A-8C39-5950E3B96716,,,,,0,,"Message: 
Stacktrace:
	GetHandleVerifier [0x0x90ffc3+65331]
	GetHandleVerifier [0x0x910004+65396]
	(No symbol) [0x0x703f63]
	(No symbol) [0x0x74c99e]
	(No symbol) [0x0x74cd3b]
	(No symbol) [0x0x7953d2]
	(No symbol) [0x0x771524]
	(No symbol) [0x0x792bcb]
	(No symbol) [0x0x7712d6]
	(No symbol) [0x0x740910]
	(No symbol) [0x0x741784]
	GetHandleVerifier [0x0xb538b3+2439203]
	GetHandleVerifier [0x0xb4eae2+2419282]
	GetHandleVerifier [0x0x93712a+225434]
	GetHandleVerifier [0x0x926e08+159096]
	GetHandleVerifier [0x0x92dd5d+187597]
	GetHandleVerifier [0x0x917ad8+96840]
	GetHandleVerifier [0x0x917c62+97234]
	GetHandleVerifier [0x0x90277a+9962]
	BaseThreadInitThunk [0x0x756b5d49+25]
	RtlInitializeExceptionChain [0x0x7759d2fb+107]
	RtlGetAppContainerNamedObjectPath [0x0x7759d281+561]
",
Part 9: Create Stairs and Railings,Part 9: Create Stairs and Railings,https://help.autodesk.com/view/RVT/2024/ENU/?guid=GUID-82E544DF-E250-4F7C-BE5A-4E83989F85E7,,New Users,15 minutes,GSG_09_stairs_railings.rvt,3,https://help.autodesk.com/view/RVT/2024/ENU/?guid=GUID-6419C9CE-F12D-4A6B-9677-949F186D9546; https://help.autodesk.com/view/RVT/2024/ENU/?guid=GUID-5F030511-89D1-4223-B168-CE83343FDE52; https://help.autodesk.com/view/RVT/2024/ENU/?guid=GUID-842A4DB6-4CA1-4ECD-9009-962769FFB19C,,"In this exercise, you complete the interior of the model by adding a staircase to the mezzanine on the lower level, then modifying the railing on the mezzanine.  Before you begin, download the GSG_09_stairs_railings.rvt file. Download this zip file (if you have not already downloaded the exercise files for the tutorials.)  Objectives  Watch the video  You will create a railing at the edge of the m"
Part 10: Create Views,Part 10: Create Views,https://help.autodesk.com/view/RVT/2024/ENU/?guid=GUID-7E3C0DFA-C599-42A6-B1BA-3C5ECE889999,,New Users,10 minutes,GSG_10_views.rvt,3,https://help.autodesk.com/view/RVT/2024/ENU/?guid=GUID-6419C9CE-F12D-4A6B-9677-949F186D9546; https://help.autodesk.com/view/RVT/2024/ENU/?guid=GUID-5F030511-89D1-4223-B168-CE83343FDE52; https://help.autodesk.com/view/RVT/2024/ENU/?guid=GUID-6BFB71DA-BCE6-4623-8ECD-D378E1C9C7F7,,"In this exercise, you create a section view, a callout view of the exterior wall, and a detail callout of the parapet.  Before you begin, download the GSG_10_views.rvt file. Download this zip file (if you have not already downloaded the exercise files for the tutorials.)  Objectives  Watch the video  Part 11: Adding Dimensions"
Part 11: Add Dimensions,Part 11: Add Dimensions,https://help.autodesk.com/view/RVT/2024/ENU/?guid=GUID-075D4717-CF41-49A5-872D-E21AD013D2B0,,New Users,15 minutes,GSG_11_dimensions.rvt,3,https://help.autodesk.com/view/RVT/2024/ENU/?guid=GUID-6419C9CE-F12D-4A6B-9677-949F186D9546; https://help.autodesk.com/view/RVT/2024/ENU/?guid=GUID-5F030511-89D1-4223-B168-CE83343FDE52; https://help.autodesk.com/view/RVT/2024/ENU/?guid=GUID-6573039B-9E1A-45E5-B625-7E02ACC38FF1,,"In this exercise, you add dimensions to the building model to dimension the footprint of the main building.  Before you begin, download the GSG_11_dimensions.rvt file. Download this zip file (if you have not already downloaded the exercise files for the tutorials.)  Objectives  Watch the video  Part 12: Adding Notes"
Part 12: Add Notes,Part 12: Add Notes,https://help.autodesk.com/view/RVT/2024/ENU/?guid=GUID-34B3936F-5A4F-42B3-92C1-A382C26B4313,,New Users,10 minutes,GSG_12_notes.rvt,3,https://help.autodesk.com/view/RVT/2024/ENU/?guid=GUID-6419C9CE-F12D-4A6B-9677-949F186D9546; https://help.autodesk.com/view/RVT/2024/ENU/?guid=GUID-5F030511-89D1-4223-B168-CE83343FDE52; https://help.autodesk.com/view/RVT/2024/ENU/?guid=GUID-06AFD15B-1C06-4F7B-9A84-673AD222C2D2,,"In this exercise, you add annotations to a plan view of the building model.  Before you begin, download the GSG_12_notes.rvt file. Download this zip file (if you have not already downloaded the exercise files for the tutorials.)  Objectives  Watch the video  Part 13: Creating Sheets"
Part 13: Create Sheets,Part 13: Create Sheets,https://help.autodesk.com/view/RVT/2024/ENU/?guid=GUID-85E4E7D8-B98B-462C-8725-CC76E802DDB5,,New Users,10 minutes,GSG_13_sheets.rvt,3,https://help.autodesk.com/view/RVT/2024/ENU/?guid=GUID-6419C9CE-F12D-4A6B-9677-949F186D9546; https://help.autodesk.com/view/RVT/2024/ENU/?guid=GUID-5F030511-89D1-4223-B168-CE83343FDE52; https://help.autodesk.com/view/RVT/2024/ENU/?guid=GUID-267C7626-F0B4-444A-9593-A3FB101C4F21,,"In this exercise, you create a sheet and add multiple views to the sheet.  You add a section view to the sheet and see that the section mark in the plan view is updated to include the sheet information. Before you begin, download the GSG_13_sheets.rvt file. Download this zip file (if you have not already downloaded the exercise files for the tutorials.)  Objectives  Watch the video  An outline of "
Tutorial Videos,Tutorial Videos,https://help.autodesk.com/view/RVT/2024/ENU/?guid=GUID-5F030511-89D1-4223-B168-CE83343FDE52,,,,,15,https://help.autodesk.com/view/RVT/2024/ENU/?guid=GUID-6419C9CE-F12D-4A6B-9677-949F186D9546; https://help.autodesk.com/view/RVT/2024/ENU/?guid=GUID-5F030511-89D1-4223-B168-CE83343FDE52; https://help.autodesk.com/view/RVT/2024/ENU/?guid=GUID-3B3190C6-94CA-4C44-8EB9-C684A02DBB49; https://help.autodesk.com/view/RVT/2024/ENU/?guid=GUID-F0889711-DC78-47FB-8747-9DC408CBEDA2; https://help.autodesk.com/view/RVT/2024/ENU/?guid=GUID-BD22FE68-5DDC-4E17-8528-AE0BC868A372; https://help.autodesk.com/view/RVT/2024/ENU/?guid=GUID-C7E5CEA9-D741-4829-B39E-73BE40FC4B7E; https://help.autodesk.com/view/RVT/2024/ENU/?guid=GUID-DCA3C942-1284-4FC9-BC06-144DE88C2EFA; https://help.autodesk.com/view/RVT/2024/ENU/?guid=GUID-EDD3FFB6-28D2-40D6-A8F0-D5E6C2807302; https://help.autodesk.com/view/RVT/2024/ENU/?guid=GUID-15BBE1F7-38FD-4AA0-ADA4-CE8923343DC1; https://help.autodesk.com/view/RVT/2024/ENU/?guid=GUID-96F003AD-5559-479F-91F3-263A0E8A7D8A; https://help.autodesk.com/view/RVT/2024/ENU/?guid=GUID-842A4DB6-4CA1-4ECD-9009-962769FFB19C; https://help.autodesk.com/view/RVT/2024/ENU/?guid=GUID-6BFB71DA-BCE6-4623-8ECD-D378E1C9C7F7; https://help.autodesk.com/view/RVT/2024/ENU/?guid=GUID-6573039B-9E1A-45E5-B625-7E02ACC38FF1; https://help.autodesk.com/view/RVT/2024/ENU/?guid=GUID-06AFD15B-1C06-4F7B-9A84-673AD222C2D2; https://help.autodesk.com/view/RVT/2024/ENU/?guid=GUID-267C7626-F0B4-444A-9593-A3FB101C4F21,,These videos correspond to the tutorial lessons. It is recommended that you watch the video before completing the lesson.
Video: Create a Project and Add Levels,Video: Create a Project and Add Levels,https://help.autodesk.com/view/RVT/2024/ENU/?guid=GUID-3B3190C6-94CA-4C44-8EB9-C684A02DBB49,,,,,16,https://help.autodesk.com/view/RVT/2024/ENU/?guid=GUID-6419C9CE-F12D-4A6B-9677-949F186D9546; https://help.autodesk.com/view/RVT/2024/ENU/?guid=GUID-5F030511-89D1-4223-B168-CE83343FDE52; https://help.autodesk.com/view/RVT/2024/ENU/?guid=GUID-3B3190C6-94CA-4C44-8EB9-C684A02DBB49; https://help.autodesk.com/view/RVT/2024/ENU/?guid=GUID-F0889711-DC78-47FB-8747-9DC408CBEDA2; https://help.autodesk.com/view/RVT/2024/ENU/?guid=GUID-BD22FE68-5DDC-4E17-8528-AE0BC868A372; https://help.autodesk.com/view/RVT/2024/ENU/?guid=GUID-C7E5CEA9-D741-4829-B39E-73BE40FC4B7E; https://help.autodesk.com/view/RVT/2024/ENU/?guid=GUID-DCA3C942-1284-4FC9-BC06-144DE88C2EFA; https://help.autodesk.com/view/RVT/2024/ENU/?guid=GUID-EDD3FFB6-28D2-40D6-A8F0-D5E6C2807302; https://help.autodesk.com/view/RVT/2024/ENU/?guid=GUID-15BBE1F7-38FD-4AA0-ADA4-CE8923343DC1; https://help.autodesk.com/view/RVT/2024/ENU/?guid=GUID-96F003AD-5559-479F-91F3-263A0E8A7D8A; https://help.autodesk.com/view/RVT/2024/ENU/?guid=GUID-842A4DB6-4CA1-4ECD-9009-962769FFB19C; https://help.autodesk.com/view/RVT/2024/ENU/?guid=GUID-6BFB71DA-BCE6-4623-8ECD-D378E1C9C7F7; https://help.autodesk.com/view/RVT/2024/ENU/?guid=GUID-6573039B-9E1A-45E5-B625-7E02ACC38FF1; https://help.autodesk.com/view/RVT/2024/ENU/?guid=GUID-06AFD15B-1C06-4F7B-9A84-673AD222C2D2; https://help.autodesk.com/view/RVT/2024/ENU/?guid=GUID-267C7626-F0B4-444A-9593-A3FB101C4F21; https://help.autodesk.com/view/RVT/2024/ENU/?guid=GUID-C7FC8EF6-6418-431F-ADC6-493C2E911AFF,,"In part 1 of the tutorial, you start a project, and create levels for foundation, store floor, upper and lower parapets of the building model.    This video demonstrates the following:  Video Player is loading. Play Play Mute Current Time 0:00 / Duration 3:18 Loaded : 0% 0:00 Progress : 0% Playback Rate 2x 1.5x 1.25x 1x , selected 0.5x 1x Descriptions descriptions off , selected Captions captions "
Video: Create Walls,Video: Create Walls,https://help.autodesk.com/view/RVT/2024/ENU/?guid=GUID-F0889711-DC78-47FB-8747-9DC408CBEDA2,,,,,16,https://help.autodesk.com/view/RVT/2024/ENU/?guid=GUID-6419C9CE-F12D-4A6B-9677-949F186D9546; https://help.autodesk.com/view/RVT/2024/ENU/?guid=GUID-5F030511-89D1-4223-B168-CE83343FDE52; https://help.autodesk.com/view/RVT/2024/ENU/?guid=GUID-3B3190C6-94CA-4C44-8EB9-C684A02DBB49; https://help.autodesk.com/view/RVT/2024/ENU/?guid=GUID-F0889711-DC78-47FB-8747-9DC408CBEDA2; https://help.autodesk.com/view/RVT/2024/ENU/?guid=GUID-BD22FE68-5DDC-4E17-8528-AE0BC868A372; https://help.autodesk.com/view/RVT/2024/ENU/?guid=GUID-C7E5CEA9-D741-4829-B39E-73BE40FC4B7E; https://help.autodesk.com/view/RVT/2024/ENU/?guid=GUID-DCA3C942-1284-4FC9-BC06-144DE88C2EFA; https://help.autodesk.com/view/RVT/2024/ENU/?guid=GUID-EDD3FFB6-28D2-40D6-A8F0-D5E6C2807302; https://help.autodesk.com/view/RVT/2024/ENU/?guid=GUID-15BBE1F7-38FD-4AA0-ADA4-CE8923343DC1; https://help.autodesk.com/view/RVT/2024/ENU/?guid=GUID-96F003AD-5559-479F-91F3-263A0E8A7D8A; https://help.autodesk.com/view/RVT/2024/ENU/?guid=GUID-842A4DB6-4CA1-4ECD-9009-962769FFB19C; https://help.autodesk.com/view/RVT/2024/ENU/?guid=GUID-6BFB71DA-BCE6-4623-8ECD-D378E1C9C7F7; https://help.autodesk.com/view/RVT/2024/ENU/?guid=GUID-6573039B-9E1A-45E5-B625-7E02ACC38FF1; https://help.autodesk.com/view/RVT/2024/ENU/?guid=GUID-06AFD15B-1C06-4F7B-9A84-673AD222C2D2; https://help.autodesk.com/view/RVT/2024/ENU/?guid=GUID-267C7626-F0B4-444A-9593-A3FB101C4F21; https://help.autodesk.com/view/RVT/2024/ENU/?guid=GUID-C7FC8EF6-6418-431F-ADC6-493C2E911AFF,,"In part 2 of the tutorial, you place exterior and interior walls and use the Trim/Extend tool to create an opening for a corridor.    This video demonstrates the following:  Video Player is loading. Play Play Mute Current Time 0:00 / Duration 3:21 Loaded : 0% 0:00 Progress : 0% Playback Rate 2x 1.5x 1.25x 1x , selected 0.5x 1x Descriptions descriptions off , selected Captions captions off , select"
Video: Create Terrain and Building Pad,Video: Create Terrain and Building Pad,https://help.autodesk.com/view/RVT/2024/ENU/?guid=GUID-BD22FE68-5DDC-4E17-8528-AE0BC868A372,,,,,16,https://help.autodesk.com/view/RVT/2024/ENU/?guid=GUID-6419C9CE-F12D-4A6B-9677-949F186D9546; https://help.autodesk.com/view/RVT/2024/ENU/?guid=GUID-5F030511-89D1-4223-B168-CE83343FDE52; https://help.autodesk.com/view/RVT/2024/ENU/?guid=GUID-3B3190C6-94CA-4C44-8EB9-C684A02DBB49; https://help.autodesk.com/view/RVT/2024/ENU/?guid=GUID-F0889711-DC78-47FB-8747-9DC408CBEDA2; https://help.autodesk.com/view/RVT/2024/ENU/?guid=GUID-BD22FE68-5DDC-4E17-8528-AE0BC868A372; https://help.autodesk.com/view/RVT/2024/ENU/?guid=GUID-C7E5CEA9-D741-4829-B39E-73BE40FC4B7E; https://help.autodesk.com/view/RVT/2024/ENU/?guid=GUID-DCA3C942-1284-4FC9-BC06-144DE88C2EFA; https://help.autodesk.com/view/RVT/2024/ENU/?guid=GUID-EDD3FFB6-28D2-40D6-A8F0-D5E6C2807302; https://help.autodesk.com/view/RVT/2024/ENU/?guid=GUID-15BBE1F7-38FD-4AA0-ADA4-CE8923343DC1; https://help.autodesk.com/view/RVT/2024/ENU/?guid=GUID-96F003AD-5559-479F-91F3-263A0E8A7D8A; https://help.autodesk.com/view/RVT/2024/ENU/?guid=GUID-842A4DB6-4CA1-4ECD-9009-962769FFB19C; https://help.autodesk.com/view/RVT/2024/ENU/?guid=GUID-6BFB71DA-BCE6-4623-8ECD-D378E1C9C7F7; https://help.autodesk.com/view/RVT/2024/ENU/?guid=GUID-6573039B-9E1A-45E5-B625-7E02ACC38FF1; https://help.autodesk.com/view/RVT/2024/ENU/?guid=GUID-06AFD15B-1C06-4F7B-9A84-673AD222C2D2; https://help.autodesk.com/view/RVT/2024/ENU/?guid=GUID-267C7626-F0B4-444A-9593-A3FB101C4F21; https://help.autodesk.com/view/RVT/2024/ENU/?guid=GUID-C7FC8EF6-6418-431F-ADC6-493C2E911AFF,,"In part 3 of the tutorial, you use the Toposolid tool to create a site and add fill with a building pad based on the exterior walls of the model.    This video demonstrates the following:  Video Player is loading. Play Play Mute Current Time 0:00 / Duration 3:41 Loaded : 0% 0:00 Progress : 0% Playback Rate 2x 1.5x 1.25x 1x , selected 0.5x 1x Descriptions descriptions off , selected Captions captio"
Video: Create a Floor,Video: Create a Floor,https://help.autodesk.com/view/RVT/2024/ENU/?guid=GUID-C7E5CEA9-D741-4829-B39E-73BE40FC4B7E,,,,,16,https://help.autodesk.com/view/RVT/2024/ENU/?guid=GUID-6419C9CE-F12D-4A6B-9677-949F186D9546; https://help.autodesk.com/view/RVT/2024/ENU/?guid=GUID-5F030511-89D1-4223-B168-CE83343FDE52; https://help.autodesk.com/view/RVT/2024/ENU/?guid=GUID-3B3190C6-94CA-4C44-8EB9-C684A02DBB49; https://help.autodesk.com/view/RVT/2024/ENU/?guid=GUID-F0889711-DC78-47FB-8747-9DC408CBEDA2; https://help.autodesk.com/view/RVT/2024/ENU/?guid=GUID-BD22FE68-5DDC-4E17-8528-AE0BC868A372; https://help.autodesk.com/view/RVT/2024/ENU/?guid=GUID-C7E5CEA9-D741-4829-B39E-73BE40FC4B7E; https://help.autodesk.com/view/RVT/2024/ENU/?guid=GUID-DCA3C942-1284-4FC9-BC06-144DE88C2EFA; https://help.autodesk.com/view/RVT/2024/ENU/?guid=GUID-EDD3FFB6-28D2-40D6-A8F0-D5E6C2807302; https://help.autodesk.com/view/RVT/2024/ENU/?guid=GUID-15BBE1F7-38FD-4AA0-ADA4-CE8923343DC1; https://help.autodesk.com/view/RVT/2024/ENU/?guid=GUID-96F003AD-5559-479F-91F3-263A0E8A7D8A; https://help.autodesk.com/view/RVT/2024/ENU/?guid=GUID-842A4DB6-4CA1-4ECD-9009-962769FFB19C; https://help.autodesk.com/view/RVT/2024/ENU/?guid=GUID-6BFB71DA-BCE6-4623-8ECD-D378E1C9C7F7; https://help.autodesk.com/view/RVT/2024/ENU/?guid=GUID-6573039B-9E1A-45E5-B625-7E02ACC38FF1; https://help.autodesk.com/view/RVT/2024/ENU/?guid=GUID-06AFD15B-1C06-4F7B-9A84-673AD222C2D2; https://help.autodesk.com/view/RVT/2024/ENU/?guid=GUID-267C7626-F0B4-444A-9593-A3FB101C4F21; https://help.autodesk.com/view/RVT/2024/ENU/?guid=GUID-C7FC8EF6-6418-431F-ADC6-493C2E911AFF,,"In part 4 of the tutorial, you create a mezzanine in the store room area of the building.    This video demonstrates the following:  Video Player is loading. Play Play Mute Current Time 0:00 / Duration 1:56 Loaded : 0% 0:00 Progress : 0% Playback Rate 2x 1.5x 1.25x 1x , selected 0.5x 1x Descriptions descriptions off , selected Captions captions off , selected English Captions Chapters Audio Track "
Video: Create a Roof,Video: Create a Roof,https://help.autodesk.com/view/RVT/2024/ENU/?guid=GUID-DCA3C942-1284-4FC9-BC06-144DE88C2EFA,,,,,16,https://help.autodesk.com/view/RVT/2024/ENU/?guid=GUID-6419C9CE-F12D-4A6B-9677-949F186D9546; https://help.autodesk.com/view/RVT/2024/ENU/?guid=GUID-5F030511-89D1-4223-B168-CE83343FDE52; https://help.autodesk.com/view/RVT/2024/ENU/?guid=GUID-3B3190C6-94CA-4C44-8EB9-C684A02DBB49; https://help.autodesk.com/view/RVT/2024/ENU/?guid=GUID-F0889711-DC78-47FB-8747-9DC408CBEDA2; https://help.autodesk.com/view/RVT/2024/ENU/?guid=GUID-BD22FE68-5DDC-4E17-8528-AE0BC868A372; https://help.autodesk.com/view/RVT/2024/ENU/?guid=GUID-C7E5CEA9-D741-4829-B39E-73BE40FC4B7E; https://help.autodesk.com/view/RVT/2024/ENU/?guid=GUID-DCA3C942-1284-4FC9-BC06-144DE88C2EFA; https://help.autodesk.com/view/RVT/2024/ENU/?guid=GUID-EDD3FFB6-28D2-40D6-A8F0-D5E6C2807302; https://help.autodesk.com/view/RVT/2024/ENU/?guid=GUID-15BBE1F7-38FD-4AA0-ADA4-CE8923343DC1; https://help.autodesk.com/view/RVT/2024/ENU/?guid=GUID-96F003AD-5559-479F-91F3-263A0E8A7D8A; https://help.autodesk.com/view/RVT/2024/ENU/?guid=GUID-842A4DB6-4CA1-4ECD-9009-962769FFB19C; https://help.autodesk.com/view/RVT/2024/ENU/?guid=GUID-6BFB71DA-BCE6-4623-8ECD-D378E1C9C7F7; https://help.autodesk.com/view/RVT/2024/ENU/?guid=GUID-6573039B-9E1A-45E5-B625-7E02ACC38FF1; https://help.autodesk.com/view/RVT/2024/ENU/?guid=GUID-06AFD15B-1C06-4F7B-9A84-673AD222C2D2; https://help.autodesk.com/view/RVT/2024/ENU/?guid=GUID-267C7626-F0B4-444A-9593-A3FB101C4F21; https://help.autodesk.com/view/RVT/2024/ENU/?guid=GUID-C7FC8EF6-6418-431F-ADC6-493C2E911AFF,,"In part 5 of the tutorial, you create a flat roof and a sloped roof with an overhang at the entry.  This video demonstrates the following:  Video Player is loading. Play Play Mute Current Time 0:00 / Duration 2:56 Loaded : 0% 0:00 Progress : 0% Playback Rate 2x 1.5x 1.25x 1x , selected 0.5x 1x Descriptions descriptions off , selected Captions captions off , selected English Captions Chapters Audio"
Video: Place Doors,Video: Place Doors,https://help.autodesk.com/view/RVT/2024/ENU/?guid=GUID-EDD3FFB6-28D2-40D6-A8F0-D5E6C2807302,,,,,16,https://help.autodesk.com/view/RVT/2024/ENU/?guid=GUID-6419C9CE-F12D-4A6B-9677-949F186D9546; https://help.autodesk.com/view/RVT/2024/ENU/?guid=GUID-5F030511-89D1-4223-B168-CE83343FDE52; https://help.autodesk.com/view/RVT/2024/ENU/?guid=GUID-3B3190C6-94CA-4C44-8EB9-C684A02DBB49; https://help.autodesk.com/view/RVT/2024/ENU/?guid=GUID-F0889711-DC78-47FB-8747-9DC408CBEDA2; https://help.autodesk.com/view/RVT/2024/ENU/?guid=GUID-BD22FE68-5DDC-4E17-8528-AE0BC868A372; https://help.autodesk.com/view/RVT/2024/ENU/?guid=GUID-C7E5CEA9-D741-4829-B39E-73BE40FC4B7E; https://help.autodesk.com/view/RVT/2024/ENU/?guid=GUID-DCA3C942-1284-4FC9-BC06-144DE88C2EFA; https://help.autodesk.com/view/RVT/2024/ENU/?guid=GUID-EDD3FFB6-28D2-40D6-A8F0-D5E6C2807302; https://help.autodesk.com/view/RVT/2024/ENU/?guid=GUID-15BBE1F7-38FD-4AA0-ADA4-CE8923343DC1; https://help.autodesk.com/view/RVT/2024/ENU/?guid=GUID-96F003AD-5559-479F-91F3-263A0E8A7D8A; https://help.autodesk.com/view/RVT/2024/ENU/?guid=GUID-842A4DB6-4CA1-4ECD-9009-962769FFB19C; https://help.autodesk.com/view/RVT/2024/ENU/?guid=GUID-6BFB71DA-BCE6-4623-8ECD-D378E1C9C7F7; https://help.autodesk.com/view/RVT/2024/ENU/?guid=GUID-6573039B-9E1A-45E5-B625-7E02ACC38FF1; https://help.autodesk.com/view/RVT/2024/ENU/?guid=GUID-06AFD15B-1C06-4F7B-9A84-673AD222C2D2; https://help.autodesk.com/view/RVT/2024/ENU/?guid=GUID-267C7626-F0B4-444A-9593-A3FB101C4F21; https://help.autodesk.com/view/RVT/2024/ENU/?guid=GUID-C7FC8EF6-6418-431F-ADC6-493C2E911AFF,,"In part 6 of the tutorial, you load a door family, change the door type, place a door, and change its orientation.    This video demonstrates the following:  Video Player is loading. Play Play Mute Current Time 0:00 / Duration 1:49 Loaded : 0% 0:00 Progress : 0% Playback Rate 2x 1.5x 1.25x 1x , selected 0.5x 1x Descriptions descriptions off , selected Captions captions off , selected English Capti"
Video: Place Windows,Video: Place Windows,https://help.autodesk.com/view/RVT/2024/ENU/?guid=GUID-15BBE1F7-38FD-4AA0-ADA4-CE8923343DC1,,,,,16,https://help.autodesk.com/view/RVT/2024/ENU/?guid=GUID-6419C9CE-F12D-4A6B-9677-949F186D9546; https://help.autodesk.com/view/RVT/2024/ENU/?guid=GUID-5F030511-89D1-4223-B168-CE83343FDE52; https://help.autodesk.com/view/RVT/2024/ENU/?guid=GUID-3B3190C6-94CA-4C44-8EB9-C684A02DBB49; https://help.autodesk.com/view/RVT/2024/ENU/?guid=GUID-F0889711-DC78-47FB-8747-9DC408CBEDA2; https://help.autodesk.com/view/RVT/2024/ENU/?guid=GUID-BD22FE68-5DDC-4E17-8528-AE0BC868A372; https://help.autodesk.com/view/RVT/2024/ENU/?guid=GUID-C7E5CEA9-D741-4829-B39E-73BE40FC4B7E; https://help.autodesk.com/view/RVT/2024/ENU/?guid=GUID-DCA3C942-1284-4FC9-BC06-144DE88C2EFA; https://help.autodesk.com/view/RVT/2024/ENU/?guid=GUID-EDD3FFB6-28D2-40D6-A8F0-D5E6C2807302; https://help.autodesk.com/view/RVT/2024/ENU/?guid=GUID-15BBE1F7-38FD-4AA0-ADA4-CE8923343DC1; https://help.autodesk.com/view/RVT/2024/ENU/?guid=GUID-96F003AD-5559-479F-91F3-263A0E8A7D8A; https://help.autodesk.com/view/RVT/2024/ENU/?guid=GUID-842A4DB6-4CA1-4ECD-9009-962769FFB19C; https://help.autodesk.com/view/RVT/2024/ENU/?guid=GUID-6BFB71DA-BCE6-4623-8ECD-D378E1C9C7F7; https://help.autodesk.com/view/RVT/2024/ENU/?guid=GUID-6573039B-9E1A-45E5-B625-7E02ACC38FF1; https://help.autodesk.com/view/RVT/2024/ENU/?guid=GUID-06AFD15B-1C06-4F7B-9A84-673AD222C2D2; https://help.autodesk.com/view/RVT/2024/ENU/?guid=GUID-267C7626-F0B4-444A-9593-A3FB101C4F21; https://help.autodesk.com/view/RVT/2024/ENU/?guid=GUID-C7FC8EF6-6418-431F-ADC6-493C2E911AFF,,"In part 7 of the tutorial you place, duplicate, modify and align windows in a model.    This video demonstrates the following:  Video Player is loading. Play Play Mute Current Time 0:00 / Duration 2:48 Loaded : 0% 0:00 Progress : 0% Playback Rate 2x 1.5x 1.25x 1x , selected 0.5x 1x Descriptions descriptions off , selected Captions captions off , selected English Captions Chapters Audio Track Fulls"
Video: Place a Curtain Wall,Video: Place a Curtain Wall,https://help.autodesk.com/view/RVT/2024/ENU/?guid=GUID-96F003AD-5559-479F-91F3-263A0E8A7D8A,,,,,16,https://help.autodesk.com/view/RVT/2024/ENU/?guid=GUID-6419C9CE-F12D-4A6B-9677-949F186D9546; https://help.autodesk.com/view/RVT/2024/ENU/?guid=GUID-5F030511-89D1-4223-B168-CE83343FDE52; https://help.autodesk.com/view/RVT/2024/ENU/?guid=GUID-3B3190C6-94CA-4C44-8EB9-C684A02DBB49; https://help.autodesk.com/view/RVT/2024/ENU/?guid=GUID-F0889711-DC78-47FB-8747-9DC408CBEDA2; https://help.autodesk.com/view/RVT/2024/ENU/?guid=GUID-BD22FE68-5DDC-4E17-8528-AE0BC868A372; https://help.autodesk.com/view/RVT/2024/ENU/?guid=GUID-C7E5CEA9-D741-4829-B39E-73BE40FC4B7E; https://help.autodesk.com/view/RVT/2024/ENU/?guid=GUID-DCA3C942-1284-4FC9-BC06-144DE88C2EFA; https://help.autodesk.com/view/RVT/2024/ENU/?guid=GUID-EDD3FFB6-28D2-40D6-A8F0-D5E6C2807302; https://help.autodesk.com/view/RVT/2024/ENU/?guid=GUID-15BBE1F7-38FD-4AA0-ADA4-CE8923343DC1; https://help.autodesk.com/view/RVT/2024/ENU/?guid=GUID-96F003AD-5559-479F-91F3-263A0E8A7D8A; https://help.autodesk.com/view/RVT/2024/ENU/?guid=GUID-842A4DB6-4CA1-4ECD-9009-962769FFB19C; https://help.autodesk.com/view/RVT/2024/ENU/?guid=GUID-6BFB71DA-BCE6-4623-8ECD-D378E1C9C7F7; https://help.autodesk.com/view/RVT/2024/ENU/?guid=GUID-6573039B-9E1A-45E5-B625-7E02ACC38FF1; https://help.autodesk.com/view/RVT/2024/ENU/?guid=GUID-06AFD15B-1C06-4F7B-9A84-673AD222C2D2; https://help.autodesk.com/view/RVT/2024/ENU/?guid=GUID-267C7626-F0B4-444A-9593-A3FB101C4F21; https://help.autodesk.com/view/RVT/2024/ENU/?guid=GUID-C7FC8EF6-6418-431F-ADC6-493C2E911AFF,,"In part 8 of the tutorial, you place a curtain wall at the store entry.    This video demonstrates the following:  Video Player is loading. Play Play Mute Current Time 0:00 / Duration 3:04 Loaded : 0% 0:00 Progress : 0% Playback Rate 2x 1.5x 1.25x 1x , selected 0.5x 1x Descriptions descriptions off , selected Captions captions off , selected English Captions Chapters Audio Track Fullscreen This is"
Video: Create Stairs and Railings,Video: Create Stairs and Railings,https://help.autodesk.com/view/RVT/2024/ENU/?guid=GUID-842A4DB6-4CA1-4ECD-9009-962769FFB19C,,,,,16,https://help.autodesk.com/view/RVT/2024/ENU/?guid=GUID-6419C9CE-F12D-4A6B-9677-949F186D9546; https://help.autodesk.com/view/RVT/2024/ENU/?guid=GUID-5F030511-89D1-4223-B168-CE83343FDE52; https://help.autodesk.com/view/RVT/2024/ENU/?guid=GUID-3B3190C6-94CA-4C44-8EB9-C684A02DBB49; https://help.autodesk.com/view/RVT/2024/ENU/?guid=GUID-F0889711-DC78-47FB-8747-9DC408CBEDA2; https://help.autodesk.com/view/RVT/2024/ENU/?guid=GUID-BD22FE68-5DDC-4E17-8528-AE0BC868A372; https://help.autodesk.com/view/RVT/2024/ENU/?guid=GUID-C7E5CEA9-D741-4829-B39E-73BE40FC4B7E; https://help.autodesk.com/view/RVT/2024/ENU/?guid=GUID-DCA3C942-1284-4FC9-BC06-144DE88C2EFA; https://help.autodesk.com/view/RVT/2024/ENU/?guid=GUID-EDD3FFB6-28D2-40D6-A8F0-D5E6C2807302; https://help.autodesk.com/view/RVT/2024/ENU/?guid=GUID-15BBE1F7-38FD-4AA0-ADA4-CE8923343DC1; https://help.autodesk.com/view/RVT/2024/ENU/?guid=GUID-96F003AD-5559-479F-91F3-263A0E8A7D8A; https://help.autodesk.com/view/RVT/2024/ENU/?guid=GUID-842A4DB6-4CA1-4ECD-9009-962769FFB19C; https://help.autodesk.com/view/RVT/2024/ENU/?guid=GUID-6BFB71DA-BCE6-4623-8ECD-D378E1C9C7F7; https://help.autodesk.com/view/RVT/2024/ENU/?guid=GUID-6573039B-9E1A-45E5-B625-7E02ACC38FF1; https://help.autodesk.com/view/RVT/2024/ENU/?guid=GUID-06AFD15B-1C06-4F7B-9A84-673AD222C2D2; https://help.autodesk.com/view/RVT/2024/ENU/?guid=GUID-267C7626-F0B4-444A-9593-A3FB101C4F21; https://help.autodesk.com/view/RVT/2024/ENU/?guid=GUID-C7FC8EF6-6418-431F-ADC6-493C2E911AFF,,"In part 9 of the tutorial, you add stairs and railings to a model in a plan view.    This video demonstrates the following:  Video Player is loading. Play Play Mute Current Time 0:00 / Duration 2:45 Loaded : 0% 0:00 Progress : 0% Playback Rate 2x 1.5x 1.25x 1x , selected 0.5x 1x Descriptions descriptions off , selected Captions captions off , selected English Captions Chapters Audio Track Fullscre"
Video: Create Views,Video: Create Views,https://help.autodesk.com/view/RVT/2024/ENU/?guid=GUID-6BFB71DA-BCE6-4623-8ECD-D378E1C9C7F7,,,,,16,https://help.autodesk.com/view/RVT/2024/ENU/?guid=GUID-6419C9CE-F12D-4A6B-9677-949F186D9546; https://help.autodesk.com/view/RVT/2024/ENU/?guid=GUID-5F030511-89D1-4223-B168-CE83343FDE52; https://help.autodesk.com/view/RVT/2024/ENU/?guid=GUID-3B3190C6-94CA-4C44-8EB9-C684A02DBB49; https://help.autodesk.com/view/RVT/2024/ENU/?guid=GUID-F0889711-DC78-47FB-8747-9DC408CBEDA2; https://help.autodesk.com/view/RVT/2024/ENU/?guid=GUID-BD22FE68-5DDC-4E17-8528-AE0BC868A372; https://help.autodesk.com/view/RVT/2024/ENU/?guid=GUID-C7E5CEA9-D741-4829-B39E-73BE40FC4B7E; https://help.autodesk.com/view/RVT/2024/ENU/?guid=GUID-DCA3C942-1284-4FC9-BC06-144DE88C2EFA; https://help.autodesk.com/view/RVT/2024/ENU/?guid=GUID-EDD3FFB6-28D2-40D6-A8F0-D5E6C2807302; https://help.autodesk.com/view/RVT/2024/ENU/?guid=GUID-15BBE1F7-38FD-4AA0-ADA4-CE8923343DC1; https://help.autodesk.com/view/RVT/2024/ENU/?guid=GUID-96F003AD-5559-479F-91F3-263A0E8A7D8A; https://help.autodesk.com/view/RVT/2024/ENU/?guid=GUID-842A4DB6-4CA1-4ECD-9009-962769FFB19C; https://help.autodesk.com/view/RVT/2024/ENU/?guid=GUID-6BFB71DA-BCE6-4623-8ECD-D378E1C9C7F7; https://help.autodesk.com/view/RVT/2024/ENU/?guid=GUID-6573039B-9E1A-45E5-B625-7E02ACC38FF1; https://help.autodesk.com/view/RVT/2024/ENU/?guid=GUID-06AFD15B-1C06-4F7B-9A84-673AD222C2D2; https://help.autodesk.com/view/RVT/2024/ENU/?guid=GUID-267C7626-F0B4-444A-9593-A3FB101C4F21; https://help.autodesk.com/view/RVT/2024/ENU/?guid=GUID-C7FC8EF6-6418-431F-ADC6-493C2E911AFF,,"In part 10 of the tutorial, you create a section view, a callout view of the exterior wall, and a detail callout of the wall.    This video demonstrates the following:  Video Player is loading. Play Play Mute Current Time 0:00 / Duration 2:23 Loaded : 0% 0:00 Progress : 0% Playback Rate 2x 1.5x 1.25x 1x , selected 0.5x 1x Descriptions descriptions off , selected Captions captions off , selected En"
Video: Add Dimensions,Video: Add Dimensions,https://help.autodesk.com/view/RVT/2024/ENU/?guid=GUID-6573039B-9E1A-45E5-B625-7E02ACC38FF1,,,,,16,https://help.autodesk.com/view/RVT/2024/ENU/?guid=GUID-6419C9CE-F12D-4A6B-9677-949F186D9546; https://help.autodesk.com/view/RVT/2024/ENU/?guid=GUID-5F030511-89D1-4223-B168-CE83343FDE52; https://help.autodesk.com/view/RVT/2024/ENU/?guid=GUID-3B3190C6-94CA-4C44-8EB9-C684A02DBB49; https://help.autodesk.com/view/RVT/2024/ENU/?guid=GUID-F0889711-DC78-47FB-8747-9DC408CBEDA2; https://help.autodesk.com/view/RVT/2024/ENU/?guid=GUID-BD22FE68-5DDC-4E17-8528-AE0BC868A372; https://help.autodesk.com/view/RVT/2024/ENU/?guid=GUID-C7E5CEA9-D741-4829-B39E-73BE40FC4B7E; https://help.autodesk.com/view/RVT/2024/ENU/?guid=GUID-DCA3C942-1284-4FC9-BC06-144DE88C2EFA; https://help.autodesk.com/view/RVT/2024/ENU/?guid=GUID-EDD3FFB6-28D2-40D6-A8F0-D5E6C2807302; https://help.autodesk.com/view/RVT/2024/ENU/?guid=GUID-15BBE1F7-38FD-4AA0-ADA4-CE8923343DC1; https://help.autodesk.com/view/RVT/2024/ENU/?guid=GUID-96F003AD-5559-479F-91F3-263A0E8A7D8A; https://help.autodesk.com/view/RVT/2024/ENU/?guid=GUID-842A4DB6-4CA1-4ECD-9009-962769FFB19C; https://help.autodesk.com/view/RVT/2024/ENU/?guid=GUID-6BFB71DA-BCE6-4623-8ECD-D378E1C9C7F7; https://help.autodesk.com/view/RVT/2024/ENU/?guid=GUID-6573039B-9E1A-45E5-B625-7E02ACC38FF1; https://help.autodesk.com/view/RVT/2024/ENU/?guid=GUID-06AFD15B-1C06-4F7B-9A84-673AD222C2D2; https://help.autodesk.com/view/RVT/2024/ENU/?guid=GUID-267C7626-F0B4-444A-9593-A3FB101C4F21; https://help.autodesk.com/view/RVT/2024/ENU/?guid=GUID-C7FC8EF6-6418-431F-ADC6-493C2E911AFF,,"In part 11 of the tutorial, you use dimensions to indicate the location of a feature wall, and to display building width and length.  This video demonstrates the following:  Video Player is loading. Play Play Mute Current Time 0:00 / Duration 1:52 Loaded : 0% 0:00 Progress : 0% Playback Rate 2x 1.5x 1.25x 1x , selected 0.5x 1x Descriptions descriptions off , selected Captions captions off , select"
Video: Add Notes,,https://help.autodesk.com/view/RVT/2024/ENU/?guid=GUID-06AFD15B-1C06-4F7B-9A84-673AD222C2D2,,,,,16,https://help.autodesk.com/view/RVT/2024/ENU/?guid=GUID-6419C9CE-F12D-4A6B-9677-949F186D9546; https://help.autodesk.com/view/RVT/2024/ENU/?guid=GUID-5F030511-89D1-4223-B168-CE83343FDE52; https://help.autodesk.com/view/RVT/2024/ENU/?guid=GUID-3B3190C6-94CA-4C44-8EB9-C684A02DBB49; https://help.autodesk.com/view/RVT/2024/ENU/?guid=GUID-F0889711-DC78-47FB-8747-9DC408CBEDA2; https://help.autodesk.com/view/RVT/2024/ENU/?guid=GUID-BD22FE68-5DDC-4E17-8528-AE0BC868A372; https://help.autodesk.com/view/RVT/2024/ENU/?guid=GUID-C7E5CEA9-D741-4829-B39E-73BE40FC4B7E; https://help.autodesk.com/view/RVT/2024/ENU/?guid=GUID-DCA3C942-1284-4FC9-BC06-144DE88C2EFA; https://help.autodesk.com/view/RVT/2024/ENU/?guid=GUID-EDD3FFB6-28D2-40D6-A8F0-D5E6C2807302; https://help.autodesk.com/view/RVT/2024/ENU/?guid=GUID-15BBE1F7-38FD-4AA0-ADA4-CE8923343DC1; https://help.autodesk.com/view/RVT/2024/ENU/?guid=GUID-96F003AD-5559-479F-91F3-263A0E8A7D8A; https://help.autodesk.com/view/RVT/2024/ENU/?guid=GUID-842A4DB6-4CA1-4ECD-9009-962769FFB19C; https://help.autodesk.com/view/RVT/2024/ENU/?guid=GUID-6BFB71DA-BCE6-4623-8ECD-D378E1C9C7F7; https://help.autodesk.com/view/RVT/2024/ENU/?guid=GUID-6573039B-9E1A-45E5-B625-7E02ACC38FF1; https://help.autodesk.com/view/RVT/2024/ENU/?guid=GUID-06AFD15B-1C06-4F7B-9A84-673AD222C2D2; https://help.autodesk.com/view/RVT/2024/ENU/?guid=GUID-267C7626-F0B4-444A-9593-A3FB101C4F21; https://help.autodesk.com/view/RVT/2024/ENU/?guid=GUID-C7FC8EF6-6418-431F-ADC6-493C2E911AFF,,"In part 12 of the tutorial, you place view-specific annotations in the model.    This video demonstrates the following:  Video Player is loading. Play Play Mute Current Time 0:00 / Duration 1:45 Loaded : 0% 0:00 Progress : 0% Playback Rate 2x 1.5x 1.25x 1x , selected 0.5x 1x Descriptions descriptions off , selected Captions captions off , selected Español (generado automáticamente) Captions Русски"
Video: Create Sheets,Video: Create Sheets,https://help.autodesk.com/view/RVT/2024/ENU/?guid=GUID-267C7626-F0B4-444A-9593-A3FB101C4F21,,,,,16,https://help.autodesk.com/view/RVT/2024/ENU/?guid=GUID-6419C9CE-F12D-4A6B-9677-949F186D9546; https://help.autodesk.com/view/RVT/2024/ENU/?guid=GUID-5F030511-89D1-4223-B168-CE83343FDE52; https://help.autodesk.com/view/RVT/2024/ENU/?guid=GUID-3B3190C6-94CA-4C44-8EB9-C684A02DBB49; https://help.autodesk.com/view/RVT/2024/ENU/?guid=GUID-F0889711-DC78-47FB-8747-9DC408CBEDA2; https://help.autodesk.com/view/RVT/2024/ENU/?guid=GUID-BD22FE68-5DDC-4E17-8528-AE0BC868A372; https://help.autodesk.com/view/RVT/2024/ENU/?guid=GUID-C7E5CEA9-D741-4829-B39E-73BE40FC4B7E; https://help.autodesk.com/view/RVT/2024/ENU/?guid=GUID-DCA3C942-1284-4FC9-BC06-144DE88C2EFA; https://help.autodesk.com/view/RVT/2024/ENU/?guid=GUID-EDD3FFB6-28D2-40D6-A8F0-D5E6C2807302; https://help.autodesk.com/view/RVT/2024/ENU/?guid=GUID-15BBE1F7-38FD-4AA0-ADA4-CE8923343DC1; https://help.autodesk.com/view/RVT/2024/ENU/?guid=GUID-96F003AD-5559-479F-91F3-263A0E8A7D8A; https://help.autodesk.com/view/RVT/2024/ENU/?guid=GUID-842A4DB6-4CA1-4ECD-9009-962769FFB19C; https://help.autodesk.com/view/RVT/2024/ENU/?guid=GUID-6BFB71DA-BCE6-4623-8ECD-D378E1C9C7F7; https://help.autodesk.com/view/RVT/2024/ENU/?guid=GUID-6573039B-9E1A-45E5-B625-7E02ACC38FF1; https://help.autodesk.com/view/RVT/2024/ENU/?guid=GUID-06AFD15B-1C06-4F7B-9A84-673AD222C2D2; https://help.autodesk.com/view/RVT/2024/ENU/?guid=GUID-267C7626-F0B4-444A-9593-A3FB101C4F21; https://help.autodesk.com/view/RVT/2024/ENU/?guid=GUID-C7FC8EF6-6418-431F-ADC6-493C2E911AFF,,"In part 13 of the tutorial, you create a sheet, add views, modify view placement, and modify title block format.    This video demonstrates the following:  Video Player is loading. Play Play Mute Current Time 0:00 / Duration 1:45 Loaded : 0% 0:00 Progress : 0% Playback Rate 2x 1.5x 1.25x 1x , selected 0.5x 1x Descriptions descriptions off , selected Captions captions off , selected English Caption"
Beginner Workflows,Beginner Workflows,https://help.autodesk.com/view/RVT/2024/ENU/?guid=GUID-A0BF49CF-024A-42C6-BDD7-2471BE5C8116,,,,,1,https://help.autodesk.com/view/RVT/2024/ENU/?guid=GUID-6419C9CE-F12D-4A6B-9677-949F186D9546,,Learn how to perform typical tasks using the software.
Industry Workflows,Industry Workflows,https://help.autodesk.com/view/RVT/2024/ENU/?guid=GUID-817640B2-B537-40CD-9B51-FF2E5A9D7BA0,,,,,1,https://help.autodesk.com/view/RVT/2024/ENU/?guid=GUID-6419C9CE-F12D-4A6B-9677-949F186D9546,,"Learn best practices and key workflows using Revit and other products in 20 minutes a day.  The Customer Success Learning Hub provides learning paths for key disciplines within the Architecture, Engineering, and Construction industry. Select your discipline and review learning paths that will help you learn more about workflows using Revit.  Use the learning paths to get the most out of Revit as y"
Essential Skills,Essential Skills,https://help.autodesk.com/view/RVT/2024/ENU/?guid=GUID-7F8CFFA4-22CB-43CA-84EA-332A27A0A0F0,,,,,2,https://help.autodesk.com/view/RVT/2024/ENU/?guid=GUID-6419C9CE-F12D-4A6B-9677-949F186D9546; https://help.autodesk.com/view/RVT/2024/ENU/?guid=GUID-3197A4ED-323F-4D32-91C0-BA79E794B806,,"Review the terms and concepts, and watch these videos for an introduction to the basics of using Revit .  If you are new to Revit , watch these videos and review the associated information to learn the foundation skills you need to get started with the software.  Video: Tour the User Interface  To find more videos, search for ""video:"" in the search bar."
User Interface,User Interface,https://help.autodesk.com/view/RVT/2024/ENU/?guid=GUID-3197A4ED-323F-4D32-91C0-BA79E794B806,,,,,4,https://help.autodesk.com/view/RVT/2024/ENU/?guid=GUID-6419C9CE-F12D-4A6B-9677-949F186D9546; https://help.autodesk.com/view/RVT/2024/ENU/?guid=GUID-C7FC8EF6-6418-431F-ADC6-493C2E911AFF; https://help.autodesk.com/view/RVT/2024/ENU/?guid=GUID-DFFA6A87-82BD-46D2-B9FE-0E13C21624F3; https://help.autodesk.com/view/RVT/2024/ENU/?guid=GUID-553A2A75-0962-441C-B31B-7EFBF35D5D2D,,"Learn how to use and customize the user interface to increase productivity and simplify your workflow.    This video demonstrates the following:  This is a modal window.  To get started, you can open a project or family, or create either one from a template. You can also open a recently used file by clicking the project. The user interface provides all of the tools you need to work in a model.  Th"
Cloud Services,Cloud Services,https://help.autodesk.com/view/RVT/2024/ENU/?guid=GUID-EF3E9E21-7C9F-4B31-9087-A5307A20C7DC,,,,,1,https://help.autodesk.com/view/RVT/2024/ENU/?guid=GUID-6419C9CE-F12D-4A6B-9677-949F186D9546,,"Revit provides access to a growing family of integrated cloud services.  Use cloud services to collaborate on projects with distributed teams, perform analysis and simulations, render images, and more.  Some cloud services are available for no additional charge when you are an Autodesk subscriber. Other cloud services require cloud credits."
Autodesk for Government,Autodesk for Government,https://help.autodesk.com/view/RVT/2024/ENU/?guid=GUID-EB6FD318-5C32-475C-93F8-8DEB083CBCE0,,,,,2,https://help.autodesk.com/view/RVT/2024/ENU/?guid=GUID-6419C9CE-F12D-4A6B-9677-949F186D9546; https://help.autodesk.com/view/RVT/2024/ENU/?guid=GUID-C2E98166-9B1D-44C8-ABD3-E56F0CD1BED8,,Autodesk for Government is available for U.S. government users and provides access to Revit Cloud Worksharing.
Creating Models,Creating Models,https://help.autodesk.com/view/RVT/2024/ENU/?guid=GUID-D4F1C903-5BA3-439A-8884-E12AC42DB472,,,,,1,https://help.autodesk.com/view/RVT/2024/ENU/?guid=GUID-6419C9CE-F12D-4A6B-9677-949F186D9546,,"When you are ready to begin a new design in Revit , create a model.  Use any of the following methods:"
Opening Files,Opening Files,https://help.autodesk.com/view/RVT/2024/ENU/?guid=GUID-E7EB9EDD-4167-4F64-9688-D7E7B7934806,,,,,1,https://help.autodesk.com/view/RVT/2024/ENU/?guid=GUID-6419C9CE-F12D-4A6B-9677-949F186D9546,,"Open a Revit file to work on a model or family.  To open a Revit file, use any of the following methods:"
Saving Files,Saving Files,https://help.autodesk.com/view/RVT/2024/ENU/?guid=GUID-A00D1018-6D25-40C9-8B58-D051830C59B0,,,,,1,https://help.autodesk.com/view/RVT/2024/ENU/?guid=GUID-6419C9CE-F12D-4A6B-9677-949F186D9546,,"Save files, define save options and reminders, and manage backup files and journal files.  To save a file, do any of the following:  To save the current file to a different file name or location, click File tab (Save As).  If you are working in a project that has worksharing enabled and you want to save your changes to the central model, click Collaborate tab Synchronize panel Synchronize with Cen"
Licensing,Licensing,https://help.autodesk.com/view/RVT/2024/ENU/?guid=GUID-9AEF943B-ADC3-499A-A6A6-19ECCA72E545,,,,,1,https://help.autodesk.com/view/RVT/2024/ENU/?guid=GUID-6419C9CE-F12D-4A6B-9677-949F186D9546,,"When you first launch the software, the Let's Get Started screen displays. Select the appropriate option to specify your license method.  After specifying your license information, you can later review or change it if needed.  To manage your Revit license:"
Sample Files,Sample Files,https://help.autodesk.com/view/RVT/2024/ENU/?guid=GUID-7B9C7A69-1083-406D-A01F-53D405C167F3,,,,,1,https://help.autodesk.com/view/RVT/2024/ENU/?guid=GUID-6419C9CE-F12D-4A6B-9677-949F186D9546,,"Explore Revit , learn its capabilities, and see working models that demonstrate the value of BIM."
